<ListBucketResult xmlns="http://s3.amazonaws.com/doc/2006-03-01/">
    <center>ROBCO INDUSTRIES UNIFIED OPERATING SYSTEM</center>
    <center>{{hostname}}</center>
    <center>COPYRIGHT 2075-2077 ROBCO INDUSTRIES</center>
    <center>-Server 1-</center>
    <blank></blank>
    <underline>{{name}}, Application Developer</underline>
    <left>username: {{username}}</left>
    <left>homedir: {{homedir}}</left>
    <left>shell: {{shell}}</left>
    <left>uid: {{uid}}</left>
    <blank></blank>
    <blank></blank>
</ListBucketResult>